CustomerID,Gender,SeniorCitizen,TenureMonths,MonthlyCharges,TotalCharges,ContractType,InternetService,PaymentMethod,Churn
CUST1,Male,0,63,69.75,1333.69,One year,DSL,Electronic check,No
CUST2,Female,0,17,92.02,1953.03,One year,DSL,Credit card,No
CUST3,Male,0,33,30.66,7710.44,Month-to-month,DSL,Electronic check,No
CUST4,Male,1,29,34.0,2116.92,Two year,DSL,Credit card,No
CUST5,Male,0,13,46.37,5326.9,Two year,DSL,Electronic check,No
CUST6,Female,0,46,46.65,7831.19,Month-to-month,No,Credit card,No
CUST7,Male,1,35,93.22,3056.94,One year,Fiber optic,Bank transfer,No
CUST8,Male,0,6,45.07,238.38,Two year,No,Electronic check,No
CUST9,Male,1,69,83.31,2028.76,Month-to-month,DSL,Electronic check,No
CUST10,Female,1,47,69.43,6663.93,Two year,DSL,Bank transfer,No
CUST11,Male,0,25,77.33,6930.41,Month-to-month,DSL,Bank transfer,No
CUST12,Male,1,66,103.81,6171.3,One year,DSL,Electronic check,No
CUST13,Male,0,10,60.44,993.57,Two year,Fiber optic,Bank transfer,No
CUST14,Male,1,56,97.09,6384.53,Month-to-month,DSL,Mailed check,No
CUST15,Female,1,30,62.2,7357.55,Two year,Fiber optic,Credit card,No
CUST16,Male,0,5,55.39,4844.82,Two year,DSL,Credit card,Yes
CUST17,Female,1,33,115.86,7532.92,Two year,Fiber optic,Credit card,No
CUST18,Female,1,65,38.44,6632.03,Two year,No,Mailed check,Yes
CUST19,Female,1,18,29.03,5369.07,Month-to-month,DSL,Bank transfer,No
CUST20,Male,1,49,97.1,4659.76,One year,Fiber optic,Bank transfer,No
CUST21,Female,1,11,26.82,2853.73,Month-to-month,No,Electronic check,Yes
CUST22,Male,0,26,103.71,1358.37,Month-to-month,DSL,Bank transfer,Yes
CUST23,Female,1,63,63.72,4879.14,Month-to-month,DSL,Electronic check,Yes
CUST24,Female,0,59,111.55,2613.08,One year,DSL,Mailed check,No
CUST25,Female,1,27,92.15,6944.87,Two year,Fiber optic,Credit card,No
CUST26,Female,0,49,81.04,7947.36,Two year,Fiber optic,Credit card,No
CUST27,Female,0,33,114.93,6044.18,Two year,No,Credit card,No
CUST28,Female,1,1,59.66,814.81,One year,Fiber optic,Bank transfer,No
CUST29,Female,1,21,115.41,2380.62,Two year,Fiber optic,Electronic check,No
CUST30,Female,1,55,33.5,961.97,One year,DSL,Electronic check,No
CUST31,Male,0,6,68.38,5239.04,Two year,DSL,Mailed check,No
CUST32,Male,1,69,46.99,6145.01,Two year,DSL,Bank transfer,No
CUST33,Female,0,5,73.98,7412.83,Month-to-month,DSL,Mailed check,Yes
CUST34,Female,0,3,36.2,3561.56,One year,DSL,Electronic check,No
CUST35,Female,0,53,104.15,7220.87,Month-to-month,DSL,Electronic check,No
CUST36,Male,1,23,104.64,7035.34,Month-to-month,DSL,Credit card,No
CUST37,Female,1,53,115.52,2605.85,Month-to-month,No,Bank transfer,No
CUST38,Male,0,37,35.47,6964.31,One year,No,Electronic check,Yes
CUST39,Male,0,17,82.33,3067.81,One year,No,Credit card,Yes
CUST40,Male,1,1,67.42,2445.27,Two year,No,Bank transfer,No
CUST41,Male,0,51,54.44,5227.69,Month-to-month,DSL,Mailed check,Yes
CUST42,Male,1,45,55.15,2694.21,Two year,No,Bank transfer,No
CUST43,Female,0,4,61.28,5078.65,Month-to-month,DSL,Bank transfer,No
CUST44,Female,1,62,90.49,4917.67,One year,No,Electronic check,Yes
CUST45,Female,0,65,79.83,4551.17,One year,Fiber optic,Electronic check,No
CUST46,Female,1,32,65.97,3105.32,One year,No,Bank transfer,Yes
CUST47,Female,0,34,27.59,4433.15,Month-to-month,No,Electronic check,No
CUST48,Male,1,39,27.78,4812.24,One year,DSL,Electronic check,No
CUST49,Female,1,26,20.23,4410.93,Month-to-month,No,Electronic check,Yes
CUST50,Female,0,34,116.77,3610.91,Two year,Fiber optic,Credit card,Yes
CUST51,Male,0,54,20.53,215.87,Month-to-month,DSL,Credit card,No
CUST52,Female,1,3,30.31,4737.79,Two year,DSL,Bank transfer,No
CUST53,Male,0,50,51.46,1430.71,Month-to-month,No,Electronic check,Yes
CUST54,Female,1,12,100.74,5176.35,Two year,DSL,Credit card,No
CUST55,Male,0,65,116.21,6098.82,One year,DSL,Bank transfer,No
CUST56,Female,1,54,99.0,4053.52,Two year,DSL,Electronic check,No
CUST57,Female,1,5,89.06,4384.67,One year,DSL,Mailed check,No
CUST58,Male,1,57,72.13,7616.68,One year,DSL,Electronic check,No
CUST59,Male,1,17,28.67,6792.62,Two year,DSL,Electronic check,No
CUST60,Male,1,47,115.82,7322.47,Month-to-month,Fiber optic,Credit card,No
CUST61,Male,1,23,95.84,6528.75,Month-to-month,No,Bank transfer,No
CUST62,Male,0,14,83.89,960.45,Month-to-month,Fiber optic,Bank transfer,Yes
CUST63,Male,0,66,95.9,1277.04,Month-to-month,DSL,Credit card,No
CUST64,Male,0,51,92.41,4260.33,Month-to-month,DSL,Electronic check,No
CUST65,Male,1,38,83.72,2043.95,One year,No,Mailed check,No
CUST66,Female,1,64,118.06,3865.89,Month-to-month,Fiber optic,Electronic check,No
CUST67,Female,1,38,110.34,3215.49,One year,No,Electronic check,No
CUST68,Male,1,50,84.67,4440.37,One year,Fiber optic,Mailed check,No
CUST69,Female,0,30,89.32,6000.32,One year,DSL,Credit card,No
CUST70,Female,0,51,25.16,5752.38,Two year,No,Bank transfer,No
CUST71,Female,1,63,86.99,4217.75,Two year,No,Credit card,Yes
CUST72,Female,0,52,24.42,6596.91,One year,DSL,Credit card,No
CUST73,Male,0,38,78.83,3503.81,Two year,No,Electronic check,No
CUST74,Female,1,30,119.94,7184.04,Month-to-month,Fiber optic,Bank transfer,Yes
CUST75,Male,0,51,75.58,663.11,Month-to-month,Fiber optic,Bank transfer,No
CUST76,Female,1,5,67.32,7641.81,One year,Fiber optic,Credit card,No
CUST77,Female,0,29,51.29,5272.08,Month-to-month,Fiber optic,Mailed check,No
CUST78,Female,1,4,32.05,3102.59,One year,DSL,Credit card,Yes
CUST79,Male,1,10,93.1,1657.52,One year,No,Mailed check,Yes
CUST80,Female,1,56,39.26,3885.55,Month-to-month,Fiber optic,Bank transfer,No
CUST81,Male,1,17,31.53,1637.01,Two year,DSL,Credit card,No
CUST82,Female,0,17,62.18,1414.02,Month-to-month,No,Electronic check,No
CUST83,Male,1,69,99.53,4977.08,Month-to-month,No,Credit card,No
CUST84,Female,1,34,94.51,4232.37,One year,DSL,Bank transfer,Yes
CUST85,Male,1,6,25.49,5393.76,One year,DSL,Electronic check,No
CUST86,Male,0,53,65.51,7443.89,One year,Fiber optic,Electronic check,No
CUST87,Female,1,66,72.24,4304.86,One year,No,Mailed check,No
CUST88,Male,0,43,84.45,4689.36,Two year,No,Electronic check,No
CUST89,Female,1,23,85.02,808.05,Two year,DSL,Electronic check,No
CUST90,Female,0,55,56.47,5769.32,Two year,No,Credit card,No
CUST91,Female,0,16,76.07,3259.25,One year,Fiber optic,Bank transfer,No
CUST92,Female,1,8,68.11,7816.13,One year,No,Mailed check,No
CUST93,Female,0,4,108.5,6603.07,One year,DSL,Credit card,No
CUST94,Female,1,4,73.03,4227.6,Two year,DSL,Electronic check,No
CUST95,Female,1,56,64.1,1073.46,One year,Fiber optic,Electronic check,No
CUST96,Female,1,25,60.45,6889.38,Month-to-month,Fiber optic,Mailed check,No
CUST97,Female,0,67,77.24,6418.27,Month-to-month,No,Bank transfer,No
CUST98,Female,0,67,100.4,1558.22,One year,No,Mailed check,No
CUST99,Female,1,27,73.84,2432.7,Month-to-month,DSL,Credit card,Yes
CUST100,Male,1,32,86.17,6367.92,Month-to-month,Fiber optic,Mailed check,No
CUST101,Male,0,50,93.79,1563.3,Two year,Fiber optic,Electronic check,No
CUST102,Female,1,61,72.02,7350.24,One year,Fiber optic,Credit card,No
CUST103,Female,1,51,62.68,3453.77,One year,No,Electronic check,No
CUST104,Female,1,19,107.67,787.61,Two year,Fiber optic,Bank transfer,No
CUST105,Female,0,21,61.75,6544.41,Month-to-month,DSL,Electronic check,No
CUST106,Female,0,5,66.19,3050.73,Month-to-month,DSL,Electronic check,No
CUST107,Female,0,42,119.03,4259.34,One year,No,Mailed check,No
CUST108,Female,1,61,20.02,987.2,Month-to-month,No,Electronic check,No
CUST109,Female,1,22,38.55,120.41,Two year,Fiber optic,Credit card,No
CUST110,Male,1,21,58.4,5140.08,Two year,No,Credit card,Yes
CUST111,Female,0,70,113.26,4169.88,One year,DSL,Bank transfer,No
CUST112,Male,1,1,27.0,4788.95,Two year,Fiber optic,Credit card,No
CUST113,Female,1,5,20.95,6370.58,Two year,DSL,Mailed check,No
CUST114,Female,1,12,25.27,5208.19,One year,Fiber optic,Bank transfer,Yes
CUST115,Male,1,46,28.85,1480.71,Two year,No,Credit card,No
CUST116,Female,0,34,23.76,2950.1,Two year,Fiber optic,Mailed check,Yes
CUST117,Male,0,49,67.98,7256.54,Two year,Fiber optic,Credit card,No
CUST118,Female,1,45,78.08,6182.56,Month-to-month,DSL,Credit card,No
CUST119,Female,0,27,47.17,4497.43,One year,DSL,Electronic check,No
CUST120,Male,0,26,59.83,2119.6,One year,Fiber optic,Credit card,Yes
CUST121,Female,1,47,29.17,2486.28,One year,No,Credit card,No
CUST122,Male,1,56,53.64,5882.47,Month-to-month,No,Mailed check,No
CUST123,Female,0,63,72.25,6824.28,Month-to-month,DSL,Mailed check,No
CUST124,Male,1,48,93.23,5404.25,One year,No,Electronic check,No
CUST125,Male,0,61,20.33,6495.29,Month-to-month,DSL,Credit card,Yes
CUST126,Female,1,26,66.73,6156.58,One year,No,Electronic check,No
CUST127,Female,0,36,49.7,1282.66,Month-to-month,Fiber optic,Credit card,No
CUST128,Male,1,1,105.28,3449.16,Two year,DSL,Bank transfer,No
CUST129,Female,0,8,91.56,1308.57,Two year,DSL,Bank transfer,Yes
CUST130,Female,0,52,78.91,1958.36,One year,Fiber optic,Electronic check,No
CUST131,Female,0,47,47.73,6967.15,Month-to-month,DSL,Electronic check,No
CUST132,Male,1,56,111.03,3835.85,Month-to-month,No,Electronic check,No
CUST133,Male,0,14,24.51,4329.33,Two year,No,Mailed check,Yes
CUST134,Male,0,28,30.95,1509.72,Two year,DSL,Mailed check,No
CUST135,Male,1,2,59.16,2566.95,Month-to-month,No,Mailed check,Yes
CUST136,Male,1,26,32.44,1918.94,Month-to-month,DSL,Electronic check,No
CUST137,Male,0,14,115.64,1728.87,Month-to-month,Fiber optic,Credit card,No
CUST138,Male,0,59,99.8,5139.89,Month-to-month,DSL,Bank transfer,No
CUST139,Male,1,56,45.9,2129.38,Month-to-month,Fiber optic,Electronic check,No
CUST140,Male,1,7,78.86,5092.92,Month-to-month,No,Mailed check,No
CUST141,Female,1,3,118.23,561.79,One year,Fiber optic,Mailed check,Yes
CUST142,Male,1,23,108.42,1220.02,Month-to-month,No,Electronic check,No
CUST143,Female,1,18,80.08,2268.87,Two year,DSL,Electronic check,No
CUST144,Female,0,38,110.37,4816.67,One year,No,Mailed check,No
CUST145,Female,1,15,118.92,5439.15,Month-to-month,DSL,Credit card,No
CUST146,Male,0,64,94.34,3597.46,Two year,DSL,Mailed check,Yes
CUST147,Male,0,28,26.5,3621.75,One year,Fiber optic,Mailed check,No
CUST148,Male,0,39,60.16,5823.68,Two year,Fiber optic,Electronic check,Yes
CUST149,Male,1,57,103.78,224.99,Month-to-month,Fiber optic,Credit card,No
CUST150,Female,0,17,43.06,2794.61,Month-to-month,Fiber optic,Mailed check,No
CUST151,Male,0,44,103.06,6567.79,Month-to-month,No,Mailed check,No
CUST152,Male,1,25,32.03,4865.43,Month-to-month,No,Bank transfer,No
CUST153,Male,0,17,24.69,2764.09,One year,No,Electronic check,No
CUST154,Male,0,13,58.41,7253.65,One year,DSL,Bank transfer,No
CUST155,Male,1,25,23.67,6203.72,Two year,No,Bank transfer,No
CUST156,Female,0,68,115.73,2192.67,Month-to-month,No,Mailed check,No
CUST157,Male,0,10,102.62,5197.79,Two year,No,Electronic check,Yes
CUST158,Female,0,67,100.08,4806.43,One year,Fiber optic,Credit card,No
CUST159,Male,1,18,82.98,3269.38,Month-to-month,No,Mailed check,No
CUST160,Female,1,34,41.63,2998.95,Month-to-month,DSL,Credit card,No
CUST161,Male,1,8,71.83,2814.13,One year,Fiber optic,Credit card,No
CUST162,Male,0,40,79.73,4975.53,One year,DSL,Electronic check,No
CUST163,Female,0,42,72.5,3595.04,One year,No,Bank transfer,Yes
CUST164,Female,1,41,46.02,6671.72,One year,Fiber optic,Electronic check,No
CUST165,Female,0,6,71.52,5389.86,One year,DSL,Credit card,No
CUST166,Male,0,52,69.12,652.46,Month-to-month,No,Mailed check,No
CUST167,Female,1,26,119.63,5157.33,One year,DSL,Credit card,No
CUST168,Male,1,64,109.74,2242.06,Month-to-month,DSL,Mailed check,No
CUST169,Male,0,59,66.34,4783.21,Month-to-month,DSL,Mailed check,Yes
CUST170,Female,0,56,82.29,5473.04,One year,No,Electronic check,No
CUST171,Female,0,59,94.79,1923.55,One year,No,Credit card,No
CUST172,Male,1,70,23.49,3709.18,Month-to-month,DSL,Bank transfer,Yes
CUST173,Male,1,33,109.49,1603.57,One year,Fiber optic,Credit card,No
CUST174,Female,1,53,106.01,513.48,One year,Fiber optic,Credit card,No
CUST175,Female,1,22,65.74,3089.96,One year,No,Bank transfer,No
CUST176,Female,0,21,59.12,2967.26,Two year,No,Electronic check,No
CUST177,Male,1,70,47.3,7964.3,Month-to-month,No,Credit card,Yes
CUST178,Male,1,70,67.67,3626.18,Two year,No,Credit card,No
CUST179,Male,1,4,24.44,2735.2,One year,No,Mailed check,Yes
CUST180,Male,1,62,105.22,4685.75,Two year,Fiber optic,Credit card,No
CUST181,Male,1,62,23.54,801.26,One year,No,Bank transfer,Yes
CUST182,Male,0,24,52.91,7697.16,Two year,DSL,Mailed check,No
CUST183,Female,0,55,113.16,5116.18,One year,DSL,Electronic check,No
CUST184,Male,1,9,93.52,6063.22,Two year,Fiber optic,Mailed check,No
CUST185,Male,0,3,48.14,1446.78,Two year,DSL,Bank transfer,No
CUST186,Male,1,31,45.26,3334.88,Two year,Fiber optic,Bank transfer,No
CUST187,Female,1,40,20.51,3439.24,Month-to-month,Fiber optic,Mailed check,No
CUST188,Male,0,36,89.57,6592.27,Two year,DSL,Electronic check,Yes
CUST189,Male,0,24,24.88,109.77,Month-to-month,No,Mailed check,Yes
CUST190,Female,1,6,73.26,2476.74,One year,DSL,Electronic check,No
CUST191,Male,1,66,116.21,7851.77,Two year,DSL,Mailed check,Yes
CUST192,Male,1,4,30.95,3851.6,One year,Fiber optic,Bank transfer,No
CUST193,Male,0,6,109.45,3121.96,One year,DSL,Credit card,No
CUST194,Male,1,51,119.15,1046.65,Two year,Fiber optic,Credit card,No
CUST195,Male,1,62,26.15,7795.9,Month-to-month,No,Electronic check,No
CUST196,Female,1,57,108.29,258.21,Two year,No,Electronic check,Yes
CUST197,Female,0,66,71.61,5923.72,One year,No,Electronic check,Yes
CUST198,Female,1,8,110.65,6171.94,One year,DSL,Bank transfer,No
CUST199,Male,1,26,77.13,2024.89,Two year,Fiber optic,Mailed check,No
CUST200,Male,0,51,86.21,5405.31,Month-to-month,No,Bank transfer,Yes
CUST201,Male,1,45,74.38,834.14,Month-to-month,Fiber optic,Credit card,No
CUST202,Female,1,44,106.45,2130.67,One year,Fiber optic,Electronic check,No
CUST203,Male,0,5,93.39,6324.43,One year,No,Mailed check,No
CUST204,Male,1,70,72.13,6931.02,Month-to-month,No,Credit card,Yes
CUST205,Female,0,26,106.82,4907.04,Two year,Fiber optic,Credit card,Yes
CUST206,Male,0,68,44.53,4104.02,One year,No,Credit card,No
CUST207,Female,1,19,35.73,1358.5,Month-to-month,Fiber optic,Bank transfer,Yes
CUST208,Female,1,20,36.04,598.56,One year,Fiber optic,Electronic check,No
CUST209,Female,1,12,53.4,1029.43,Two year,No,Credit card,No
CUST210,Male,1,47,43.87,1896.12,Month-to-month,DSL,Electronic check,No
CUST211,Male,0,1,113.01,2799.23,One year,No,Bank transfer,No
CUST212,Male,1,14,30.58,3109.19,Two year,DSL,Credit card,No
CUST213,Male,0,64,89.9,2835.94,One year,Fiber optic,Bank transfer,No
CUST214,Male,1,38,38.92,1988.54,Two year,Fiber optic,Bank transfer,No
CUST215,Male,1,37,108.16,4126.82,Two year,DSL,Electronic check,No
CUST216,Male,1,11,116.13,6619.76,Month-to-month,Fiber optic,Credit card,Yes
CUST217,Female,0,3,66.55,2309.66,Two year,DSL,Bank transfer,Yes
CUST218,Male,1,33,107.91,7544.86,One year,DSL,Credit card,No
CUST219,Female,1,6,20.51,6999.36,Two year,Fiber optic,Electronic check,No
CUST220,Male,1,50,101.99,1377.94,Two year,DSL,Bank transfer,No
CUST221,Male,1,10,42.86,6311.58,Month-to-month,No,Electronic check,Yes
CUST222,Male,0,5,110.87,4639.24,Two year,No,Credit card,No
CUST223,Female,1,23,20.11,4575.95,Two year,Fiber optic,Credit card,No
CUST224,Female,0,10,75.62,3189.24,One year,Fiber optic,Electronic check,No
CUST225,Female,0,44,95.66,4059.11,Month-to-month,DSL,Mailed check,No
CUST226,Female,0,2,45.87,3237.71,Month-to-month,DSL,Bank transfer,Yes
CUST227,Male,0,13,39.31,4363.89,Month-to-month,DSL,Credit card,No
CUST228,Female,0,40,28.41,5060.81,Two year,DSL,Credit card,Yes
CUST229,Male,0,2,52.64,5427.0,Month-to-month,No,Bank transfer,No
CUST230,Male,1,65,75.98,4306.6,Two year,No,Electronic check,No
CUST231,Female,0,63,31.58,5799.23,Two year,Fiber optic,Electronic check,No
CUST232,Female,0,17,57.67,1216.1,One year,DSL,Electronic check,No
CUST233,Female,0,9,20.91,1774.66,One year,DSL,Mailed check,Yes
CUST234,Female,1,15,101.87,6568.01,One year,Fiber optic,Mailed check,No
CUST235,Female,1,24,32.84,2647.97,One year,DSL,Credit card,No
CUST236,Female,0,38,48.33,280.86,One year,DSL,Electronic check,Yes
CUST237,Female,1,35,21.84,1314.95,Two year,DSL,Bank transfer,Yes
CUST238,Female,0,49,63.22,1866.55,Two year,DSL,Credit card,No
CUST239,Male,0,69,104.01,7662.85,Month-to-month,DSL,Bank transfer,Yes
CUST240,Female,1,62,59.22,4627.03,Two year,Fiber optic,Credit card,No
CUST241,Female,0,60,37.95,7468.57,Two year,DSL,Mailed check,No
CUST242,Male,1,50,95.37,4643.79,One year,Fiber optic,Credit card,No
CUST243,Female,1,9,98.88,3886.9,Two year,DSL,Mailed check,Yes
CUST244,Male,0,34,37.38,2578.45,One year,No,Credit card,No
CUST245,Male,0,35,97.09,4890.33,Month-to-month,No,Electronic check,No
CUST246,Female,1,1,114.73,1199.66,Month-to-month,No,Bank transfer,Yes
CUST247,Male,0,40,36.64,7196.27,Two year,No,Electronic check,No
CUST248,Male,0,64,97.1,6651.73,Month-to-month,Fiber optic,Credit card,No
CUST249,Male,0,22,90.86,2608.5,Two year,Fiber optic,Credit card,No
CUST250,Male,1,60,67.36,7627.1,Month-to-month,DSL,Credit card,Yes
CUST251,Female,1,64,25.79,6619.09,One year,No,Mailed check,No
CUST252,Male,0,11,27.47,5363.82,One year,Fiber optic,Bank transfer,Yes
CUST253,Female,1,14,105.24,1061.92,One year,DSL,Bank transfer,Yes
CUST254,Male,1,60,119.01,3878.05,One year,DSL,Credit card,No
CUST255,Male,1,30,87.61,4098.25,Two year,Fiber optic,Credit card,No
CUST256,Male,1,35,64.6,1937.16,Month-to-month,No,Mailed check,Yes
CUST257,Male,1,37,84.76,731.73,Two year,DSL,Electronic check,Yes
CUST258,Female,0,5,79.44,6236.12,One year,No,Electronic check,Yes
CUST259,Female,0,26,58.36,1064.08,Two year,No,Bank transfer,No
CUST260,Male,0,62,26.56,4794.9,Month-to-month,No,Mailed check,Yes
CUST261,Male,1,4,102.15,7497.95,Two year,DSL,Credit card,Yes
CUST262,Female,1,42,57.18,7021.23,Month-to-month,No,Bank transfer,No
CUST263,Male,0,18,101.88,2294.25,Two year,DSL,Mailed check,No
CUST264,Male,1,40,45.25,6826.44,Month-to-month,No,Electronic check,No
CUST265,Male,0,39,20.1,102.63,Month-to-month,DSL,Mailed check,No
CUST266,Female,0,14,35.89,239.73,One year,No,Electronic check,Yes
CUST267,Female,0,32,66.85,4860.17,Month-to-month,Fiber optic,Mailed check,No
CUST268,Female,1,51,114.43,2981.91,One year,No,Bank transfer,No
CUST269,Male,1,38,30.22,3153.04,One year,No,Electronic check,No
CUST270,Male,0,23,105.42,4559.08,One year,DSL,Bank transfer,No
CUST271,Female,0,63,72.7,1615.08,Two year,DSL,Bank transfer,No
CUST272,Female,0,15,102.59,1772.87,Two year,No,Electronic check,No
CUST273,Female,0,25,49.84,3928.35,Two year,Fiber optic,Electronic check,Yes
CUST274,Female,1,17,103.99,6058.6,Two year,Fiber optic,Credit card,No
CUST275,Male,1,66,97.28,4994.03,Month-to-month,DSL,Credit card,No
CUST276,Female,0,53,43.01,2449.1,Month-to-month,Fiber optic,Credit card,No
CUST277,Male,0,51,33.13,3499.66,Two year,No,Bank transfer,No
CUST278,Female,1,39,106.81,1448.25,Month-to-month,DSL,Bank transfer,Yes
CUST279,Male,1,51,116.32,689.58,Month-to-month,No,Credit card,No
CUST280,Female,0,70,23.13,6283.3,One year,DSL,Bank transfer,No
CUST281,Female,0,6,93.13,2196.56,One year,DSL,Bank transfer,No
CUST282,Female,0,67,110.95,1504.35,One year,DSL,Electronic check,No
CUST283,Female,1,7,105.74,5563.78,One year,DSL,Electronic check,Yes
CUST284,Male,1,51,116.45,4982.61,Month-to-month,Fiber optic,Bank transfer,No
CUST285,Female,1,42,96.01,5102.2,Two year,No,Credit card,No
CUST286,Male,0,64,64.23,1908.27,Month-to-month,No,Mailed check,No
CUST287,Male,0,15,51.2,1937.9,Month-to-month,No,Credit card,No
CUST288,Male,1,29,52.07,1844.34,Month-to-month,DSL,Mailed check,No
CUST289,Male,1,33,92.44,1472.65,One year,Fiber optic,Credit card,No
CUST290,Female,0,27,94.58,5280.22,One year,No,Electronic check,Yes
CUST291,Male,1,36,40.04,6799.33,One year,Fiber optic,Bank transfer,No
CUST292,Male,1,29,106.81,5822.11,Two year,DSL,Bank transfer,No
CUST293,Male,0,38,91.49,6357.54,Month-to-month,No,Electronic check,No
CUST294,Female,1,57,76.28,3297.91,Two year,Fiber optic,Mailed check,No
CUST295,Female,0,27,67.15,5267.2,One year,DSL,Mailed check,No
CUST296,Female,0,55,74.32,2898.47,Two year,Fiber optic,Mailed check,Yes
CUST297,Female,0,33,35.92,4251.49,Month-to-month,No,Electronic check,No
CUST298,Male,0,68,40.37,3904.92,Month-to-month,No,Mailed check,No
CUST299,Male,0,66,29.12,1497.41,One year,DSL,Electronic check,No
CUST300,Female,0,10,35.37,3157.92,One year,DSL,Credit card,Yes
CUST301,Male,0,5,65.37,7714.2,Two year,DSL,Credit card,No
CUST302,Male,1,38,73.04,2063.78,One year,Fiber optic,Electronic check,No
CUST303,Male,0,13,21.79,1157.05,One year,Fiber optic,Bank transfer,Yes
CUST304,Female,0,31,99.68,3406.79,Month-to-month,Fiber optic,Credit card,No
CUST305,Female,1,47,49.42,6343.67,One year,DSL,Mailed check,No
CUST306,Male,1,52,111.18,4698.97,One year,No,Electronic check,Yes
CUST307,Female,1,56,116.75,5479.7,Month-to-month,No,Mailed check,No
CUST308,Female,0,15,38.55,1598.59,Month-to-month,Fiber optic,Mailed check,No
CUST309,Female,1,29,66.21,4989.69,Two year,Fiber optic,Bank transfer,No
CUST310,Female,0,8,20.12,2655.65,One year,No,Mailed check,Yes
CUST311,Female,0,5,79.83,6691.0,Month-to-month,No,Bank transfer,Yes
CUST312,Male,0,29,80.73,5071.46,Two year,Fiber optic,Credit card,Yes
CUST313,Female,0,47,44.75,1670.96,Two year,Fiber optic,Electronic check,Yes
CUST314,Male,1,68,75.84,610.47,One year,No,Mailed check,Yes
CUST315,Male,1,45,42.55,436.8,One year,DSL,Electronic check,No
CUST316,Female,0,2,36.08,3034.13,Two year,Fiber optic,Mailed check,No
CUST317,Male,0,27,85.15,2200.22,Month-to-month,No,Electronic check,No
CUST318,Male,0,36,52.59,5204.11,Two year,No,Mailed check,No
CUST319,Male,1,36,79.03,4044.74,One year,No,Mailed check,Yes
CUST320,Female,0,26,63.32,2201.55,Month-to-month,No,Mailed check,No
CUST321,Female,0,43,118.44,1278.98,Month-to-month,DSL,Mailed check,No
CUST322,Male,1,27,34.96,1104.88,Two year,No,Mailed check,Yes
CUST323,Female,1,69,66.46,6930.82,One year,Fiber optic,Mailed check,No
CUST324,Female,0,20,88.05,2023.48,Two year,DSL,Mailed check,No
CUST325,Female,1,11,59.55,5248.51,Two year,No,Mailed check,No
CUST326,Female,1,38,117.47,6504.42,Two year,DSL,Mailed check,No
CUST327,Male,0,6,92.19,4951.24,Month-to-month,Fiber optic,Electronic check,No
CUST328,Male,1,23,85.7,6890.57,Month-to-month,No,Bank transfer,No
CUST329,Female,0,47,95.71,3199.91,One year,Fiber optic,Mailed check,No
CUST330,Female,1,46,115.26,7654.16,One year,No,Bank transfer,No
CUST331,Male,0,12,110.78,1151.85,Two year,No,Mailed check,No
CUST332,Male,0,13,92.43,906.98,Two year,No,Mailed check,No
CUST333,Female,0,62,94.92,5303.67,Two year,No,Electronic check,No
CUST334,Male,1,60,34.59,7548.37,One year,No,Credit card,No
CUST335,Female,0,43,30.28,6490.18,Month-to-month,DSL,Credit card,No
CUST336,Female,1,68,77.09,703.69,Month-to-month,No,Electronic check,No
CUST337,Male,0,5,21.84,2307.0,Two year,No,Bank transfer,Yes
CUST338,Male,0,37,68.24,7449.52,Two year,DSL,Credit card,No
CUST339,Female,1,31,41.03,2099.16,Two year,DSL,Electronic check,No
CUST340,Female,0,9,54.6,6271.25,Two year,DSL,Electronic check,No
CUST341,Male,0,51,97.58,6618.54,One year,DSL,Credit card,Yes
CUST342,Female,1,29,114.12,4014.07,Month-to-month,DSL,Bank transfer,No
CUST343,Male,0,40,27.24,3152.16,Two year,DSL,Electronic check,No
CUST344,Female,0,41,73.42,3655.98,One year,No,Mailed check,No
CUST345,Male,0,11,108.25,1893.02,Two year,No,Bank transfer,No
CUST346,Male,0,23,28.25,7126.19,Two year,Fiber optic,Bank transfer,No
CUST347,Male,1,1,102.45,3659.9,Month-to-month,No,Credit card,No
CUST348,Female,1,46,55.78,7071.43,Two year,No,Credit card,No
CUST349,Female,0,21,52.21,934.98,Month-to-month,DSL,Mailed check,Yes
CUST350,Male,1,36,117.75,7907.37,Month-to-month,DSL,Electronic check,No
CUST351,Female,0,54,40.09,3601.86,Month-to-month,No,Credit card,Yes
CUST352,Male,1,57,89.32,477.86,One year,Fiber optic,Credit card,No
CUST353,Male,0,1,102.14,400.37,One year,DSL,Bank transfer,Yes
CUST354,Female,0,63,24.12,5995.04,Month-to-month,No,Credit card,Yes
CUST355,Female,0,54,87.04,5306.38,Two year,No,Credit card,Yes
CUST356,Male,0,55,115.15,6436.83,Month-to-month,Fiber optic,Credit card,Yes
CUST357,Female,0,40,32.42,932.4,Two year,Fiber optic,Credit card,No
CUST358,Female,0,15,109.62,381.01,Month-to-month,DSL,Bank transfer,No
CUST359,Male,1,21,79.48,4117.78,Two year,Fiber optic,Mailed check,No
CUST360,Male,0,47,81.66,3162.0,One year,No,Mailed check,Yes
CUST361,Female,1,53,81.29,3749.38,Two year,No,Electronic check,Yes
CUST362,Male,0,9,49.88,7933.55,Month-to-month,Fiber optic,Credit card,Yes
CUST363,Male,1,52,113.52,7768.92,One year,Fiber optic,Bank transfer,Yes
CUST364,Female,1,57,114.74,7544.29,Two year,Fiber optic,Electronic check,No
CUST365,Male,1,26,82.53,6292.36,Two year,Fiber optic,Electronic check,Yes
CUST366,Male,0,41,98.34,2903.25,Two year,DSL,Mailed check,No
CUST367,Female,0,35,81.23,3355.83,Two year,Fiber optic,Bank transfer,Yes
CUST368,Female,1,63,68.44,4441.97,Two year,DSL,Bank transfer,Yes
CUST369,Male,0,25,86.08,6661.22,One year,No,Bank transfer,No
CUST370,Male,1,38,75.3,642.83,One year,Fiber optic,Mailed check,No
CUST371,Female,0,2,79.75,3451.95,One year,DSL,Mailed check,Yes
CUST372,Female,1,7,98.38,752.68,One year,Fiber optic,Mailed check,Yes
CUST373,Female,1,34,68.09,4165.79,Month-to-month,No,Mailed check,No
CUST374,Female,0,17,24.08,7201.32,One year,No,Mailed check,Yes
CUST375,Male,1,43,36.4,6281.63,Two year,No,Credit card,Yes
CUST376,Female,0,59,63.86,1899.96,Two year,Fiber optic,Credit card,No
CUST377,Female,1,51,92.48,7810.33,One year,Fiber optic,Bank transfer,No
CUST378,Male,1,54,79.33,5372.07,Two year,DSL,Electronic check,No
CUST379,Female,0,24,85.03,182.38,One year,No,Bank transfer,No
CUST380,Male,0,25,67.93,2117.77,Two year,Fiber optic,Electronic check,No
CUST381,Female,0,71,81.57,2159.64,Month-to-month,No,Mailed check,No
CUST382,Female,1,52,52.9,647.11,Month-to-month,No,Electronic check,No
CUST383,Female,0,70,67.02,7682.63,One year,DSL,Bank transfer,No
CUST384,Male,1,33,94.43,3878.22,One year,DSL,Bank transfer,Yes
CUST385,Male,1,49,107.18,7176.94,One year,DSL,Electronic check,No
CUST386,Female,0,29,63.37,2645.5,Two year,DSL,Credit card,No
CUST387,Male,0,63,24.37,1089.35,One year,No,Mailed check,No
CUST388,Male,1,22,36.17,3847.26,Month-to-month,DSL,Mailed check,No
CUST389,Male,1,26,22.09,1000.26,Two year,DSL,Bank transfer,No
CUST390,Male,0,28,85.33,3939.52,One year,DSL,Credit card,Yes
CUST391,Male,0,49,53.23,7370.35,Two year,DSL,Electronic check,No
CUST392,Male,0,71,74.25,4214.07,Two year,No,Mailed check,Yes
CUST393,Female,0,49,69.33,4970.35,One year,DSL,Credit card,No
CUST394,Female,0,20,28.15,1337.44,Two year,No,Mailed check,Yes
CUST395,Male,1,63,60.33,445.51,Month-to-month,Fiber optic,Credit card,No
CUST396,Female,1,61,42.06,975.38,Month-to-month,No,Credit card,Yes
CUST397,Female,1,49,61.84,4828.4,Two year,No,Bank transfer,No
CUST398,Female,1,71,40.36,850.59,One year,DSL,Mailed check,No
CUST399,Female,0,1,104.05,3070.34,Two year,Fiber optic,Electronic check,Yes
CUST400,Male,0,13,37.42,4445.73,Month-to-month,Fiber optic,Bank transfer,No
CUST401,Female,0,51,116.08,3170.36,Two year,Fiber optic,Bank transfer,No
CUST402,Female,1,56,61.59,1393.1,Two year,Fiber optic,Electronic check,Yes
CUST403,Male,1,62,104.62,2262.95,Month-to-month,No,Bank transfer,No
CUST404,Male,0,32,82.88,7433.71,Two year,Fiber optic,Credit card,Yes
CUST405,Female,0,30,93.54,5440.26,Two year,No,Credit card,No
CUST406,Female,1,29,96.77,4018.78,One year,No,Mailed check,No
CUST407,Female,1,49,70.48,200.45,One year,No,Mailed check,No
CUST408,Female,0,45,74.33,7940.08,Month-to-month,Fiber optic,Electronic check,No
CUST409,Female,0,30,71.4,5404.49,Month-to-month,DSL,Mailed check,Yes
CUST410,Female,1,16,78.81,2603.69,Month-to-month,DSL,Credit card,Yes
CUST411,Male,0,40,22.94,7046.22,One year,Fiber optic,Electronic check,No
CUST412,Female,0,19,59.55,2141.61,Month-to-month,DSL,Electronic check,No
CUST413,Female,0,18,80.62,4397.73,Month-to-month,DSL,Mailed check,No
CUST414,Male,1,1,79.77,5124.96,Month-to-month,No,Credit card,No
CUST415,Male,1,47,99.3,1846.4,One year,No,Electronic check,No
CUST416,Male,1,66,85.5,7829.34,Two year,Fiber optic,Credit card,No
CUST417,Male,1,38,119.21,6010.72,Month-to-month,Fiber optic,Credit card,No
CUST418,Female,1,51,48.39,4506.72,Two year,DSL,Credit card,No
CUST419,Female,1,63,55.92,1526.7,Month-to-month,No,Mailed check,No
CUST420,Female,1,4,58.38,525.48,Two year,Fiber optic,Bank transfer,Yes
CUST421,Female,0,1,66.58,2628.47,One year,Fiber optic,Bank transfer,No
CUST422,Female,0,8,103.6,6050.18,One year,Fiber optic,Electronic check,No
CUST423,Female,0,29,43.58,2227.72,Month-to-month,Fiber optic,Credit card,No
CUST424,Male,0,55,97.6,4362.49,Two year,Fiber optic,Mailed check,Yes
CUST425,Female,0,3,60.53,5850.78,One year,Fiber optic,Credit card,No
CUST426,Male,0,32,80.19,952.76,Month-to-month,DSL,Credit card,No
CUST427,Male,0,10,83.25,5513.85,Month-to-month,No,Mailed check,No
CUST428,Female,1,34,57.28,825.78,One year,No,Bank transfer,Yes
CUST429,Male,1,55,71.26,7724.52,One year,Fiber optic,Credit card,Yes
CUST430,Female,0,32,61.3,3958.31,Month-to-month,No,Credit card,No
CUST431,Male,0,50,26.91,1290.34,Two year,No,Bank transfer,No
CUST432,Female,1,7,63.72,2804.83,Two year,No,Mailed check,No
CUST433,Male,0,8,29.74,3365.99,Two year,Fiber optic,Electronic check,No
CUST434,Female,0,65,60.5,6089.66,Month-to-month,Fiber optic,Bank transfer,Yes
CUST435,Female,1,57,79.29,5973.05,One year,No,Electronic check,No
CUST436,Female,0,67,77.94,4934.33,Month-to-month,No,Electronic check,Yes
CUST437,Female,1,59,86.26,936.85,One year,Fiber optic,Bank transfer,No
CUST438,Female,0,54,29.53,1297.4,Two year,DSL,Credit card,No
CUST439,Male,1,67,85.21,840.68,Two year,No,Electronic check,No
CUST440,Male,1,51,51.21,4659.66,One year,DSL,Electronic check,No
CUST441,Male,1,8,59.9,7029.39,One year,No,Mailed check,No
CUST442,Female,0,34,105.8,3527.02,Month-to-month,DSL,Credit card,No
CUST443,Male,1,35,20.9,1370.7,Two year,DSL,Electronic check,Yes
CUST444,Female,0,32,78.84,4508.53,Month-to-month,DSL,Mailed check,No
CUST445,Female,0,46,79.87,6512.84,Month-to-month,Fiber optic,Credit card,No
CUST446,Male,0,16,59.67,5959.53,Month-to-month,DSL,Bank transfer,Yes
CUST447,Male,0,68,43.7,7063.46,Two year,DSL,Bank transfer,No
CUST448,Female,1,37,43.47,2295.43,Month-to-month,DSL,Mailed check,No
CUST449,Male,1,54,108.37,1632.24,Month-to-month,No,Bank transfer,No
CUST450,Female,0,14,64.2,7050.55,Month-to-month,DSL,Electronic check,No
CUST451,Female,0,55,53.09,5294.73,Month-to-month,No,Credit card,No
CUST452,Female,1,48,64.88,2556.34,Month-to-month,DSL,Electronic check,Yes
CUST453,Female,0,7,86.94,5964.55,Month-to-month,DSL,Electronic check,Yes
CUST454,Female,1,7,34.58,6539.44,Two year,Fiber optic,Bank transfer,No
CUST455,Male,0,33,64.94,4958.33,Month-to-month,No,Electronic check,No
CUST456,Male,0,23,78.79,5534.28,One year,DSL,Bank transfer,Yes
CUST457,Female,1,19,114.86,3064.55,Month-to-month,No,Credit card,No
CUST458,Female,0,19,45.25,4355.7,Month-to-month,No,Credit card,No
CUST459,Male,1,36,55.93,4240.86,Two year,Fiber optic,Electronic check,No
CUST460,Male,0,29,57.94,6799.58,Two year,Fiber optic,Mailed check,Yes
CUST461,Female,0,60,80.55,6735.72,One year,Fiber optic,Bank transfer,No
CUST462,Male,0,2,55.67,6678.18,One year,Fiber optic,Bank transfer,No
CUST463,Female,1,1,73.35,187.15,Two year,Fiber optic,Electronic check,No
CUST464,Male,0,47,98.18,6021.41,Two year,Fiber optic,Bank transfer,No
CUST465,Female,0,69,90.54,6093.54,Month-to-month,Fiber optic,Bank transfer,No
CUST466,Male,0,20,64.64,5459.19,Two year,Fiber optic,Mailed check,No
CUST467,Female,0,11,106.42,6074.49,One year,DSL,Mailed check,Yes
CUST468,Male,1,2,75.81,6751.57,Month-to-month,No,Electronic check,No
CUST469,Male,1,67,73.99,3815.52,One year,Fiber optic,Mailed check,No
CUST470,Female,0,12,23.42,4066.2,Month-to-month,Fiber optic,Electronic check,No
CUST471,Male,1,20,118.67,1085.24,Two year,No,Credit card,Yes
CUST472,Female,0,5,32.3,3144.47,One year,DSL,Electronic check,Yes
CUST473,Male,0,37,43.11,5182.58,Month-to-month,No,Credit card,No
CUST474,Female,0,38,25.17,6265.16,Month-to-month,No,Electronic check,No
CUST475,Male,1,9,84.0,1815.95,Two year,Fiber optic,Bank transfer,No
CUST476,Female,1,53,42.47,1188.8,Two year,No,Mailed check,No
CUST477,Male,1,44,38.0,5338.03,Two year,No,Credit card,No
CUST478,Female,1,24,28.86,114.85,One year,Fiber optic,Electronic check,No
CUST479,Male,1,30,30.33,1509.14,Month-to-month,Fiber optic,Mailed check,No
CUST480,Female,1,59,78.47,329.66,Two year,Fiber optic,Electronic check,No
CUST481,Female,1,14,88.82,1418.39,One year,Fiber optic,Mailed check,No
CUST482,Female,1,9,59.74,1532.42,One year,No,Mailed check,Yes
CUST483,Male,1,40,67.99,3162.62,One year,No,Electronic check,No
CUST484,Female,0,66,88.6,3278.38,Two year,DSL,Credit card,No
CUST485,Male,1,25,21.74,7006.67,Two year,DSL,Credit card,No
CUST486,Female,1,22,52.31,4129.87,Month-to-month,No,Bank transfer,Yes
CUST487,Male,1,4,117.31,5814.9,Month-to-month,DSL,Mailed check,No
CUST488,Female,1,26,78.01,922.69,Two year,No,Bank transfer,Yes
CUST489,Male,1,58,45.42,1880.97,One year,DSL,Bank transfer,Yes
CUST490,Male,1,29,72.17,5653.25,One year,Fiber optic,Electronic check,No
CUST491,Female,1,37,54.27,517.15,One year,DSL,Electronic check,No
CUST492,Male,1,70,73.22,3944.12,Month-to-month,Fiber optic,Electronic check,No
CUST493,Male,1,18,32.57,4835.01,One year,Fiber optic,Mailed check,Yes
CUST494,Female,1,42,33.27,4856.95,Month-to-month,Fiber optic,Electronic check,Yes
CUST495,Male,1,41,34.35,281.17,Month-to-month,Fiber optic,Electronic check,No
CUST496,Male,0,38,113.98,2644.65,One year,DSL,Mailed check,No
CUST497,Male,0,34,93.29,5128.28,One year,No,Mailed check,No
CUST498,Female,1,17,36.24,1277.1,Two year,Fiber optic,Credit card,No
CUST499,Male,1,37,38.83,5593.78,Two year,DSL,Electronic check,No
CUST500,Female,0,25,93.08,5992.81,One year,Fiber optic,Electronic check,No
